url,times
/,362
/assets/img/favicon.ico,28
/adminme.php,61
/adminme.php/index/login,94
/assets/fonts/glyphicons-halflings-regular.woff2,25
/index.php,65
/adminme.php/ajax/lang,115
/adminme.php/index/index,57
/adminme.php/shop/order,87
/assets/libs/font-awesome/fonts/fontawesome-webfont.woff2,15
/adminme.php/runlog/num,59
/adminme.php/shop/order/index,142
/adminme.php/ajax/wipecache,8
/adminme.php/shop/shopsite,34
/adminme.php/shop/shopsite/typelist,26
/adminme.php/shop/shopsite/risklist,26
/adminme.php/shop/shopsite/searchlist,26
/adminme.php/shop/shopsite/index,65
/assets/fonts/iconfont/iconfont.woff,12
/api/notify/,4
/adminme.php/money/sitegroup,32
/adminme.php/money/daymoney,10
/adminme.php/money/sitegroup/index,58
/adminme.php/money/daymoney/index,34
/adminme.php/money/paypal,13
/adminme.php/money/stripe,34
/adminme.php/money/paypal/daylist,5
/adminme.php/money/paypal/index,9
/adminme.php/money/stripe/daylist,13
/adminme.php/money/stripe/index,41
/adminme.php/money/square,4
/adminme.php/money/square/daylist,2
/adminme.php/money/square/index,2
/index,3
/index/,3
/index/user/get_server_info,3
/api/user/mobilelogin,3
/index/user/login.html,3
/adminme.php/general/profile,12
/adminme.php/help/video,6
/assets/img/error.svg,5
/adminme.php/auth/admin,4
/adminme.php/auth/admin/index,2
/adminme.php/help/plugs,8
/adminme.php/general.profile/update,1
/adminme.php/report/shop,4
/adminme.php/money/stripe/del,1
/adminme.php/money/stripe/add,7
/adminme.php/money/stripe/checkurl,5
/adminme.php/money/stripe/risklist,14
/adminme.php/money/stripe/checkaccount,4
/adminme.php/shop/shopsite/add,11
/adminme.php/shop/shopsite/group,8
/adminme.php/money/daymoney/add,4
/adminme.php/money/daymoney/checkcode,4
/adminme.php/money/daymoney/del,2
/adminme.php/money/stripe/edit/ids/7,13
/adminme.php/money/sitegroup/add,6
/adminme.php/shop/shopsite/checkgroup,10
/adminme.php/risk/sys,16
/adminme.php/shop/shopsite/checkcode,11
/adminme.php/shop/shopsite/del,2
/api/stripe/,77
/adminme.php/runlog,21
/adminme.php/runlog/index,23
/adminme.php/shop/order/detail/ids/1095,1
/robots.txt,25
/adminme.php/money/stripe/multi,4
/adminme.php/shop/shopsite/edit/ids/19,7
/adminme.php/money/daymoney/edit/ids/10,2
/adminme.php/runlog/del,2
/adminme.php/shop/order/del,1
/api/notify/synstatusstirpe/,50
/adminme.php/shop/shopsite/edit/ids/21,4
/adminme.php/shop/order/card,1
/adminme.php/shop/order/detail/ids/1112,1
/adminme.php/money/sitegroup/del,3
/adminme.php/money/sitegroup/edit/ids/13,1
/adminme.php/money/sitegroup/edit/ids/15,7
/adminme.php/money/daymoney/edit/ids/11,2
/adminme.php/money/stripe/edit/ids/8,2
/adminme.php/general/currency,3
/adminme.php/general/currency/index,3
/adminme.php/general/currency/add,3
/adminme.php/general/currency/checkcode,2
/adminme.php/shop/shopsite/edit/ids/20,3
/adminme.php/index/logout,2
/assets/img/success.svg,1
/adminme.php/report/account,1
/adminme.php/report/order,1
/adminme.php/report/money,1
/adminme.php/report/money/index,1
/adminme.php/general/config,2
/adminme.php/general/kewords,2
/adminme.php/general/kewords/index,1
/adminme.php/auth/group,2
/adminme.php/auth/group/index,1
/adminme.php/risk/rorder,2
/adminme.php/risk/rorder/index,1
/adminme.php/risk/sys/index,1
http://happyingift.com:80/,1
