duration,intro,rank,subject,title
86,"
                                　　小月的母亲生病住院了，父亲带着她与四岁的妹妹小梅到乡间的居住。她们对那里的环境都感到十分新奇，也发现了很多有趣的事情。她们遇到了很多小精灵，她们来到属于她们的环境中，看到了她们世界中很多的奇怪事物，更与一只大大胖胖的龙猫成为了朋友。龙猫与小精灵们利用他们的神奇力量，为小月与妹妹带来了很多神奇的景观，令她们大开眼界。
                                    ",9.2,人人心中都有个龙猫，童年就永远不会消失。,龙猫
157,"
                                　　查理（克里斯•奥唐纳 Chris O'Donnell  饰）是一个普通的中学生，他因为见证着一件恶作剧但又不想出卖朋友，于是面临着一道艰难的选择题——要么坦白，要么被学校勒退。而史法兰（阿尔•帕西诺 Al Pacino  饰）是一个退伍军官，因为意外失明，人生从顶点的辉煌滑落谷底。
                                    ",9.1,史上最美的探戈。,闻香识女人
133,"
                                　　麦克墨菲（杰克·尼科尔森 Jack Nicholson 饰）为了逃避监狱里的强制劳动，装作精神异常，被送进了精神病院，他的到来，给死气沉沉的精神病院带来了剧烈的冲击。 麦克要求看棒球比赛的电视转播，挑战了医院严格的管理制度，受到护士长拉契特（路易丝·弗莱彻 Louise Fletcher 饰）的百般阻挠；麦克带领病人出海捕鱼，振奋了他们的精神，却让院方头痛不已。院方为了惩处麦克胆大妄为、屡犯院规，决定将他永远留在疯人院。生性自由的麦克再也无法忍受疯人院的生活，他联合病友，高大的印第安人“酋长”，开始自己的计划：飞越疯人院。 本片获1975年第48届奥斯卡最佳影片，最佳男、女主角，最佳导演和最佳改编剧本五项大奖。主人公“不自由，毋宁死”的精神在当今社会仍有很大的现实意义。
                        ",9.1,自由万岁。,飞越疯人院
102,"
                                　　唐伯虎（周星驰 饰）身为江南四大才子之首，却有道不尽的心酸。宁王想唐伯虎帮忙图谋作反，唐伯虎只好用内功改变脉象，令众人都相信他命不久矣。母亲埋怨他不应该把功夫暴露，因为他们家族一直被当年的仇人追杀。唐伯虎在与朋友出游时，遇到了貌若天仙的秋香并对她一见钟情，决心要到华府当 家丁以追求秋香，唐伯虎被取名华安。期间华太师遇到了宁王上门刁难，幸好有唐伯虎出面相助，并暴露了自己是唐伯虎的身份。秋香才知道华安是自己欣赏的唐伯虎。华夫人跟唐家有怨，因此二人便开始斗法。怎料宁王跟夺命书生再次上门，华夫人不是对手，幸得唐伯虎出手，华夫人也答应把秋香许配给唐伯虎。
                        ",8.7,华太师是黄霑，吴镇宇四大才子之一。,唐伯虎点秋香
132,"
                                　　基宇（崔宇植 饰）出生在一个贫穷的家庭之中，和妹妹基婷（朴素丹 饰）以及父母在狭窄的地下室里过着相依为命的日子。一天，基宇的同学上门拜访，他告诉基宇，自己在一个有钱人家里给他们的女儿做家教，太太是一个头脑简单出手又阔绰的女人，因为自己要出国留学，所以将家教的职位暂时转交给基宇。
                                    ",8.8,,寄生虫
140,"
                                　　故事发生在2045年，虚拟现实技术已经渗透到了人类生活的每一个角落。詹姆斯哈利迪（马克·里朗斯 Mark Rylance 饰）一手建造了名为“绿洲”的虚拟现实游戏世界，临终前，他宣布自己在游戏中设置了一个彩蛋，找到这枚彩蛋的人即可成为绿洲的继承人。要找到这枚彩蛋，必须先获得三把钥匙，而寻找钥匙的线索就隐藏在詹姆斯的过往之中。
                                    ",8.7,写给影迷，动漫迷和游戏迷的一封情书。,头号玩家
127,"
                                　　临海古都镰仓，顺山而成的小镇，不起眼的角落里生活着香田家四姐妹。她们的父亲早年和情人离家出走，母亲则干脆将女儿们抛给了外婆照顾。外婆去世后，外孙女们继承了这栋有着悠久历史的大房子。过早担负起家庭重任的大姐香田幸（绫濑遥 饰），尽心尽力照顾着两个妹妹佳乃（长泽雅美 饰）、千佳（夏帆 饰）健康成长。这一天，父亲去世的消息传到姐妹手中。她们结伴而行参加了父亲的葬礼，并且结识了从未谋面的异母妹妹浅野铃（广濑丝丝 饰）。许是血缘中的亲近之感，幸在临行前邀请铃搬来镰仓同住。未过多久，抱着对姐姐们的憧憬，铃迈入了父亲曾经生活过的房子。四季流转，姐妹们的故事悄然上演……
                                    ",8.8,是枝裕和的家庭习作。,海街日记
90,"
                                　　哈特（山口胜平 饰）是一只被草食性恐龙养大的霸王龙。其实，早在它破壳而出时，草食性恐龙的首领就曾命令哈特的母亲（原田知世 饰）抛弃它，但母亲却最终还是偷偷把它养大。随着年龄的增长，每天只吃野果的哈特每天饥饿难耐，最终还是抵不住本能的驱使，开始了自己食肉的残暴生涯。然而，由于母亲的影响，在哈特的内心深处，始终涌动着一颗善良的心灵。一天，偶尔遇到一只破壳而出的食草恐龙宝宝，哈特阴差阳错的被恐龙宝宝误认为是“爸爸”，而且为小恐龙取名为“很美味”，自此开始了又一段奇异的恐龙父子情。然而，伴随着生存环境的恶化，恐龙们的生存遭受着前所未有的破坏，哈特和它的亲人最终能否经得起考验……
                                    ",8.9,感情不分食草或者食肉。,你看起来好像很好吃
89,"
                                　　在一个静得有些诡异阴森的夜晚，年轻女子艾米丽（艾米丽·芭尔多尼 Emily Baldoni 饰）驱车来到朋友家参加聚会。此前她一边开车一边和男友打电话，然而通话突然中断，她的手机屏也莫名其妙出现裂痕。这一事件让艾米丽的心中升起隐隐不安，因为当晚一颗彗星刚好接近地球，一个 很久之前听过的传说使她对彗星的到来有着不祥的预感。稍后，朋友们落座，大家彼此交谈，叙说近况，虽然言语中有着许多莫名其妙、蹊跷反常的线索，然而均被一带而过。突然间，灯光尽灭。当光明重新来临时，众人发现附近只有一户人家还在亮灯，而亮灯人家里坐着的竟是……
                                    ",8.6,小成本大魅力。,彗星来的那一夜
113,"
                                　　奥吉（雅各布·特瑞布雷 Jacob Tremblay 饰）是一个10岁的男孩，除了头戴一个巨大的太空头盔外，他和其他的同年龄孩子别无二致。头盔下隐藏了奥吉因为各种手术而伤痕累累的脸庞，它不仅完美的隐藏起了奥吉脆弱自卑的内心，也成功的防止了奥吉的模样吓到别的孩子。
                                    ",8.6,世界不完美，爱会有奇迹。,奇迹男孩
153,"
                                    　　故事分五章进行。二战中德占法国，德军上校汉斯（克里斯托弗·瓦尔兹 Christoph Waltz 饰）号称“犹太猎人”，在一次屠犹行动中，少女苏珊娜（梅勒尼·劳伦特 Mélanie Laurent 饰）侥幸逃脱。与此同时，八名美国犹太士兵在中尉奥尔多（布拉德·皮特 饰） 的带领下潜入德占法国刺杀德国军人，其行动神出鬼没，手法残忍，对德军造成相当威胁，被称为“杂种”。三年后苏珊娜来到巴黎继承了姑母的电影院，结识了德国战斗英雄，电影《国家荣耀》的主演弗里德里克（丹尼尔·布鲁赫 Daniel Brühl 饰）。对苏珊娜一见钟情的弗里德里克说服德国宣传部长约瑟夫·戈培尔（西尔维斯特·格洛斯 Sylvester Groth 饰）在苏珊娜的影院首映《国家荣耀》，希特勒（马丁·乌特克 Martin Wuttke 饰）本人也将出席。苏珊娜决定借放映之机烧毁影院；而在...
                            ",8.6,昆汀同学越来越变态了，比北野武还杜琪峰。,无耻混蛋
101,"
                                　　海神的女儿波妞从深海出逃玩耍，却被困在玻璃瓶里冲到岸上，碰巧被住在岸边悬崖的宗介救出，两人因此相识。但是波妞的父亲——魔法师藤本，认为人类世界肮脏丑陋，强行把波妞带回海里。面对父亲的阻挠、席卷小镇的海啸，以及永远失去魔法的威胁，波妞仍然大胆而坚决地决定——要变成人类跟宗介在一起。而承诺要永远保护波妞的宗介，也即将面临新的挑战...
                        ",8.6,,崖上的波妞
130,"
                                　　该片被认为是向男权社会发出抗争的女性主义电影代表作。
                                    ",8.9,没有了退路，只好飞向自由。,末路狂花
106,"
                                　　未来的世界，科技的力量胜过一切，基因决定命运，几乎成为金科玉律。不幸文森特（伊桑•霍克 Ethan Hawke  饰）是一个基因不良的人，出生以来就决定了他近视和心脏病的缺陷，他只能活到30岁。于是父母为文森特增添了一个有着优良基因的弟弟。
                                    ",8.8,一部能引人思考的科幻励志片。,千钧一发
88,"
                                　　宦官专权的明朝中叶，东厂曹少钦（甄子丹）假造圣旨杀害了忠良杨宇轩，并想斩草除根杀死其后代。侠女邱莫言（林青霞）、江湖义士贺虎等人冒死救出忠良后代后，逃至边关沙漠里的龙门客栈，与杨宇轩部下周淮安（梁家辉）会合。龙门客栈实则黑店，老板娘金镶玉（张曼玉）利用乱世，以美貌和风骚 作诱饵杀人越货聚敛钱财，但她却为英俊潇洒的周淮安动了真心。为了摸清潜藏于龙门客栈中的出关暗道，周淮安将计就计，答应与金镶玉成亲。
                                    ",8.7,嬉笑怒骂，调风动月。,新龙门客栈
89,"
                                　　美日战争爆发，14岁的清太带着年幼的妹妹到处逃命，当他们到达防空洞的时候，母亲已身受重伤，没过多久便不久人世。两兄妹自此过着相依为命的日子。他们只好投靠了母亲的姐妹，纵使他们把家里所有的家当都送给了阿姨，但当食物吃完，他们就越感到了寄人篱下的感觉，清太决定带着妹妹离开独自生活。火灾硝烟中的生活并不好过，清太为了妹妹四处偷取食物，但妹妹还是严重营养不良……
                        ",8.7,幸福是生生不息，却难以触及的远。 ,萤火虫之墓
88,"
                                　　罗生门，日本京都的正南门。云游和尚、砍柴人和乞丐在城门底下避雨，三人闲聊，话题开始，故事的序幕拉开：一个武士和他妻子路过荒山，遭遇了不测。妻子被侮辱，而武士惨遭杀害。惨案如何酿成？凶手、妻子、借武士亡魂来做证的女巫，都各有说法。
                                    ",8.8,人生的N种可能性。,罗生门
120,"
                                　　未来世界，水资源短缺引发了连绵的战争。人们相互厮杀，争夺有限的资源，地球变成了血腥十足的杀戮死战场。面容恐怖的不死乔在戈壁山谷建立了难以撼动的强大武装王国，他手下的战郎驾驶装备尖端武器的战车四下抢掠，杀伐无度，甚至将自己的孩子打造成战争机器。在最近一次行动中，不死乔的得力战将弗瑞奥萨（查理兹·塞隆 Charlize Theron 饰）带着生育者们叛逃，这令不死乔恼羞成怒，发誓要追回生育者。经历了激烈的追逐战和摧毁力极强的沙尘暴，弗瑞奥萨和作为血主的麦克斯（汤姆·哈迪 Tom Hardy 饰）被迫上路，而身后不仅有不死乔的追兵，还有汽油镇、子弹农场的重兵追逐。
                                    ",8.7,“多么美好的一天！”轰轰轰砰咚，啪哒哒哒轰隆隆，磅~,疯狂的麦克斯4：狂暴之路
137,"
                                　　上一部中，超级电脑“天网”阻止人类抵抗领袖约翰·康纳诞生的行动失败，时隔13年后，在“审判日”到来之前，“天网”派出了更加先进的生化机器人T-1000（罗伯特·帕特里克 饰）从公元2029年回到洛杉矶追杀已经长大的约翰，与此同时，约翰也派出了机器人T-800（阿诺· 施瓦辛格 饰）回去保护年幼的自己。
                                    ",8.8,少见的超越首部的续集，动作片中的经典。,终结者2：审判日
99,"
                                　　南宋是一个人妖难分的时期，法海和尚（赵文卓 饰）到处收服妖精，也扰乱了在西湖底修炼的白青二蛇。青（张曼玉 饰）曾获白（王祖贤 饰）相救，二者便以姐妹相称。姐妹俩受惑佯装成人生活在民间，白更嫁于老实书生许仙，青也同时看上了许仙，便常常以媚态勾引许仙，无奈许仙只深爱白一个。白开设了药店，以为可以自此过上安定的生活，可许仙却受不了青的百般挑逗，更发现了青白二蛇的真实身份，可他却不舍得离开家中的天姿国色。法海得知了青白二蛇的下落，更抓走了许仙。原来白为了爱情放弃修成正果，更怀有了身孕。为了救回丈夫，二蛇与法海展开了搏斗……
                        ",8.6,人生如此，浮生如斯。谁人言，花彼岸，此生情长意短。谁都是不懂爱的罢了。,青蛇
132,"
                                　　二战期间，英国一架飞机在执行轰炸任务中，被德军击中，几名英国士兵被迫跳伞逃生。他们约好在土耳其浴室见面，并用这次行动的代号“鸳鸯茶”作为接头暗号。
                                    ",8.9,永远看不腻的喜剧。,虎口脱险
135,"
                                　　本片是对皇后乐队、传奇主唱弗雷迪·莫库里以及他们音乐的致敬盛宴，这是一段充满爱、痛苦、接纳和音乐的旅程。
                                    ",8.6,,波西米亚狂想曲
146,"
                                　　21世纪中期，由于温室效应，南北极冰川融化，地球上很多城市被淹没。此时，人类科技已经高度发达，人工智能机器人就是人类发明出来用以应对恶劣自然环境的科技手段之一，而且，机器人制造技术已经高度发达，先进的机器人不但拥有可以乱真的人类外表，还能感知自身的存在。
                                    ",8.7,对爱的执着，可以超越一切。,人工智能
118,"
                                　　初中生小水相貌平平，家境一般，所以在学校里并不受重视。但是她心地善良，又有一群死党，日子过得倒也开心。某天，她遇见了帅气的学长阿亮（马里奥·毛瑞尔 Mario Maurer 饰），春心萌动，无 法遏制。她喜欢看他踢足球，看他拍照，如痴如狂。上英语课时，她不停地给死党传纸条 表达对阿亮的爱慕。然而，英语老师则指出她除了英语一无是处。回到家，叔叔从美国捎来了父亲的消息，说如果她能考全校第一，就可以去美国。于是，她按下决心要努力加油。某天，小水等人在买饮料时，碰到篮球队员蛮横插队。阿亮挺身而出，为她们教训了对方，并挨了校长的责骂。小水也第一次听说，阿亮的父亲因为射失点球而退役的事情，理解了他心中的隐痛。由于舞蹈队是给美女准备的，所以小水等一干姐妹准备在话剧社大展身手，没想到学长也来到这个社团。两人还扮演王子公主，他们的恋情会由此展开么？……
                        ",8.5,黑小鸭速效美白记。,初恋这件小事
123,"
                                　　一个浸润着鲜红与纯白的爱情故事，写在一本洒满昏黄的笔记本上，被一位老先生(詹姆斯·加纳 饰)，一遍一遍的讲述。老太太(吉娜·罗兰兹 饰)总是静静的听着，好奇的追问结果。在一家疗养院，这样不变的场景每天都会上演。
                                    ",8.5,爱情没有那么多借口，如果不能圆满，只能说明爱的不够。 ,恋恋笔记本
137,"
                                　　李（卡西·阿弗莱克 Casey Affleck 饰）是一名颓废压抑的修理工，在得知哥哥乔伊（凯尔·钱德勒 Kyle Chandler 饰）去世的消息后，李回到了故乡——海边的曼彻斯特处理乔伊的后事。根据乔伊的遗嘱，李将会成为乔伊的儿子帕特里克（卢卡斯·赫奇斯 Lucas Hedg es 饰）的监护人，李打算将帕特里克带回波士顿，但很显然帕特里克并不愿意离开家乡和朋友们，但李亦不愿在这片伤心地久留。
                                    ",8.6,我们都有权利不与自己的过去和解。,海边的曼彻斯特
133,"
                                　　查理（汤姆·克鲁斯 Tom Cruise 饰）父亲去世，留下了300万美元的遗产。然而令他意外的是，遗产全部给了一个他不认识的哥哥雷蒙（达斯汀·霍夫曼 Dustin Hoffman 饰）。雷蒙的名字查理从没听过，这个事件让他气愤不已。他决定前去寻找哥哥。谁知雷蒙的住处就在一个精神病院里，原来他自幼患有自闭症，母亲去世后就被送到精神病院治疗。查理心中有了算计，他把雷蒙带出精神病院，企图骗他出让遗产。
                                    ",8.7,生活在自己的世界里，也可以让周围的人显得可笑和渺小。,雨人
93,"
                                    　　在阿富汗执行任务的美国空军飞行员科特史蒂文斯上尉（杰克·吉伦哈尔 Jake Gyllenhaal 饰）突然惊醒，发现自己在一辆高速行驶的列车上，而他的身边坐着一个素不相识的女子克里斯蒂安（米歇尔·莫娜汉 Michelle Monaghan 饰）正在与自己讲话。科尔不知自己为什么会在这辆车上，而且他发现自己居然是以另一个人的身份存在，正当他迷惑不解的时候，列车上忽然发生爆炸……
                                        ",8.5,邓肯·琼斯继《月球》之后再度奉献出一部精彩绝伦的科幻佳作。,源代码
130,"
                                    　　巴西里约热内卢的贫民窟，这里是“上帝之城”，更是魔鬼也会叹息着转身的地方。
                                        ",9.0,被上帝抛弃了的上帝之城。,上帝之城
95,"
                                　　香港某个国际伪钞集团重要分子宋子豪（狄龙 饰）和Mark（周润发 饰）情同手足，某次宋子豪带手下谭成（李子雄 饰）去台北交易时被其出卖受枪伤被捕入狱，为替好兄弟报仇，Mark孤身赴台，结果被人打成瘸子，江湖地位自此一落千丈，而宋子豪的父亲也在不久丧命。 一向视宋子豪为偶像的宋子杰（张国荣 饰）得知哥哥的真实身份后，对黑社会及他恨之入骨，立誓利用警察身份将黑帮势力斩草除根，宋子豪出狱后不顾苦等他想重创辉煌的Mark的劝阻，决心弃暗投明，无奈得不到宋子杰的谅解。而此时已成帮会老大的谭成欲找宋子豪再合作，遭拒绝后放言会害宋子杰，被逼走投无路，宋子豪决定再与Mark连手共抗强敌。
                        ",8.6,英雄泪短，兄弟情长。 ,英雄本色
108,"
                                　　砵仔糕（周润发 饰）、阿占（张国荣 饰）和红豆（钟楚红 饰）均是孤儿，在养父（曾江 饰）栽培下成为国际大盗。长大后成了帮他赚钱的艺术品大盗，而三人同时又认了警察（朱江 饰）为干爹。
                                    ",8.8,香港浪漫主义警匪动作片的巅峰之作。,纵横四海
115,"
                                　　失去了心爱的女人，波恩（马特•戴蒙 饰）面临更为艰难的日子，他努力回忆，却只能在睡梦中被脑海里一知半解的闪回所惊醒，依然无法记起自己的身份。
                                    ",8.8,像吃了苏打饼一样干脆的电影。,谍影重重3
121,"
                                　　1994年卢旺达宣布独立后，胡图族与图西族两部族之间矛盾重重，多次发生冲突，战事持续不断。胡图族大肆屠杀图西族人，在这种背景下，卢旺达饭店经理保罗一直四面奔走，最终成功挽救了饭店里一千多名图西族和胡图族难民。
                        ",8.9,当这个世界闭上双眼，他却敞开了怀抱。,卢旺达饭店
110,"
                                　　一个想要挣脱父权控制的青年，在一次争执中失手杀死了同村的痞子，被迫逃亡。他没有想过会用这样的方式逃离安逸的生活，离开之际却惊人的发现宿命早已将他和专制的父亲紧紧连接在一起，走或留他都将失去一切。
                                    ",8.7,荒诞讽刺，千奇百巧，抽丝剥茧，百转千回。,心迷宫
98,"
                                    　　原始人咕噜一家六口在老爸Grug（尼古拉斯·凯奇 Nicolas Cage 配音）的庇护下生活。每天抢夺鸵鸟蛋为食，躲避野兽的追击，每晚听老爸叙述同一个故事，在山洞里过着一成不变的生活。大女儿Eep（艾玛·斯通 Emma Stone 配音）是一个和老爸性格截然相反的充满好奇心的女孩，她不满足一辈子留在这个小山洞里，一心想要追逐山洞外面的新奇世界。
                                        ",8.7,老少皆宜，这就是好莱坞动画的魅力。,疯狂原始人
117,"
                                    　　1986年美国达拉斯市，恐同的德州电工罗恩·伍德鲁夫（马修·麦康纳 Matthew McConaughey 饰）发现自己患上“同志病”——艾滋，生命只剩30天。他使用的AZT（叠氮胸苷）是当时美国药管局唯一批准面市的抗艾药物，但毒性极大。为了活下去，罗恩开始研究各种抗艾 处方和替代疗法，甚至走私来自世界各地未经批准的药物。在医生萨克斯（詹妮弗·加纳 Jennifer Garner 饰）和异装癖同性恋雷蒙（杰瑞德·莱托 Jared Leto 饰）的帮助下，罗恩开始成立了一个叫做“达拉斯买家俱乐部”的地下组织，为艾滋病人提供更多“非常规疗法”，很多患病的男同性恋亦求助于他。他的举动自然受到了药管局和药商的阻挠和施压。罗恩最终在1992年9月去世，离他被告知只剩30天可活已经过去了2557天。在这近7年时间里，他坚持不懈的与病魔、与药管局及制药商进行艰苦的...
                            ",8.8,Jared Leto的腿比女人还美！,达拉斯买家俱乐部
115,"
                                　　米尔德雷德（弗兰西斯·麦克多蒙德 Frances McDormand 饰）的女儿在外出时惨遭奸杀，米尔德雷德和丈夫查理（约翰·哈克斯 John Hawkes 饰）之间的婚姻因此走到了尽头，如今，她同儿子罗比（卢卡斯·赫奇斯 Lucas Hedges饰）过着相依为命的生活。一晃眼几个月过去了，案件仍然没有告破预兆，而警方似乎早已经将注意力从案子上转移了开来。
                                    ",8.7,怼天怼地，你走后，她与世界为敌。,三块广告牌
103,"
                                　　一觉醒来的亚当（雷•沃纳尔 Leigh Whannell饰）发现自己被困在一个废弃的厕所里。他的对面是同样命运的劳伦斯（加利•艾尔维斯 Cary Elwes 饰）——他们被人用铁链绑住了腿，并吃惊发现二人中间横亘着一个恐怖的死人。死人鲜血淋漓，左手拿录放机右手拿枪。
                                    ",8.8,真相就在眼前。,电锯惊魂
106,"
                                　　在远离大都会的小山村，住着巫女世家出身的高中女孩宫水三叶（上白石萌音 配音）。校园和家庭的原因本就让她充满烦恼，而近一段时间发生的奇怪事件，又让三叶摸不清头脑。不知从何时起，三叶在梦中就会变成一个住在东京的高中男孩。那里有陌生的同学和朋友，有亲切的前辈和繁华的街道，一切都是如此诱人而真实。另一方面，住在东京的高中男孩立花泷（神木隆之介 配音）则总在梦里来到陌生的小山村，以女孩子的身份过着全新的生活。许是受那颗神秘彗星的影响，立花和三叶在梦中交换了身份。他们以他者的角度体验着对方的人生，这期间有愤怒、有欢笑也有暖心。只是两人并不知道，身份交换的背后隐藏着重大而锥心的秘密……
                                    ",8.5,穿越错位的时空，仰望陨落的星辰，你没留下你的名字，我却无法忘记那句“我爱你”。,你的名字。
129,"
                                    　　第二集中，尼奥（基努·里维斯 Keanu Reeves 饰）没有能从内部摧毁“母体”，他的身体在真实世界的飞船上陷于昏迷，思想却被困在介于“母体”和真实世界的中间地带，这个地方由“火车人”控制。墨菲斯（劳伦斯·菲什伯恩 Laurence Fishburne 饰）和崔妮蒂（凯瑞-安·莫斯 Carrie-Anne Moss 饰）等人知道了尼奥的情况，在守护天使的带领下， 找到了“火车人”的控制者梅罗纹奇，经过一番激斗，将尼奥救了出来。
                                        ",8.8,不得不说，《黑客帝国》系列是商业片与科幻、哲学完美结合的典范。,黑客帝国3：矩阵革命
109,"
                                    　　年轻的马里恩·克兰（珍妮特·利 饰）在Phoenix工作，深受老板洛厄里（沃恩·泰勒 饰）信任。男友萨姆·卢米斯（约翰·加文 饰）在Fairvale经营一家五金店，因要替亡父还债又要支付前妻赡养费而无力再婚，只能借出差的机会偶尔来与马里恩幽会。马里恩对此感到不满，于是在周五下午趁机携四万美元公款驾车潜逃。可是马里恩的潜逃之路并不顺利：先是在出城的时候被洛厄里目击，周六一大早又被警察怀疑。花了七百美元以旧车换新车之后，马里恩继续忐忑地行驶。入夜后，天降大雨，视线模糊，无法行驶，马里恩只得将车泊入路边的贝茨汽车旅馆投宿。老板诺尔曼（安东尼·珀金斯 饰）十分友善，试图邀请马里恩到家里共进晚餐，可惜被凶恶的母亲粗暴阻止，只得将晚餐端至旅馆客厅。马里恩在客厅一边进餐一边与诺尔曼交谈，终于决定周日返回Phoenix。用餐完毕，马里恩回房沐浴。这时，一个老妇的身影...
                            ",9.0,故事的反转与反转，分裂电影的始祖。,惊魂记
95,"
                                　　可爱的小女孩莱莉（凯特林·迪亚斯 Kaitlyn Dias 配音）出生在明尼苏达州一个平凡的家庭中，从小她在父母的呵护下长大，脑海中保存着无数美好甜蜜的回忆。当然这些记忆还与几个莱莉未曾谋面的伙伴息息相关，他们就是人类的五种主要情绪：乐乐（艾米·波勒 Amy Poehl er 配音）、忧忧（菲利丝·史密斯 Phyllis Smith 配音）、怕怕（比尔·哈德尔 Bill Hader 配音）、厌厌（敏迪·卡灵 Mindy Kaling 配音）和怒怒（刘易斯·布莱克 Lewis Black 配音）。乐乐作为团队的领导，她协同其他伙伴致力于为小主人营造更多美好的珍贵回忆。某天，莱莉随同父母搬到了旧金山，肮脏逼仄的公寓、陌生的校园环境、逐渐失落的友情都让莱莉无所适从，她的负面情绪逐渐累积，内心美好的世界渐次崩塌。
                                    ",8.8,愿我们都不用长大，每一座城堡都能永远存在。,头脑特工队
207,"
                                　　日本战国时代，一小山村面临着山贼的威胁，为了保护秋天的收成，村中长老决定让去请武士来保护村子安全，但只能拿出的报酬是一天三顿的白米饭。在城里，他们遭到了武士白眼甚至被打。直到勘兵卫（志村乔饰）的出现，他现今已沦为浪人，几经考虑最后答应了。他对农民说至少需要七名武士，于是久藏（宫口精二饰）、胜四郎（木村功饰）、五郎（稻叶义男饰）、七郎（加东大介饰）、平八（千秋实饰）和菊千代（三船敏郎饰）等六人也加入了队伍，七个人肩负保卫村子的任务。
                                    ",9.3,时代悲歌。,七武士
97,"
                                　　韩国首尔某个平凡的早上，广播电台Daily Topic节目的主持人尹英华（河正宇 饰）正就税率改革与听众进行连线，这时一个自称住在首尔昌信洞的普通工人朴鲁圭打入电话，大肆抱怨超高的电费和相关部门对他的威胁。尹英华颇不耐烦，以偏离主题为由强行切断电话。谁知连线无法单方面由电台方面中断，愤怒的朴鲁圭继续抱怨，并扬言炸掉汉江大桥。尹英华不以为然，进而怂恿对方想做就做，谁知话音刚落，窗外的麻浦大桥便炸作废墟。大惊失色的尹英华很快冷静下来，他决定利用这次难得的机会打一次事业的翻身仗。
                                    ",8.7,恐怖分子的“秋菊打官司”。,恐怖直播
139,"
                                　　1945年，第二次世界大战接近尾声，作为邪恶轴心重要成员的日本，其嚣张态势已成强弩之末。是年，决定战局走向的冲绳岛战役拉开序幕，成千上万斗志昂扬的美国大兵被派往冲绳，等待他们的则是敌军重兵防守、凶险异常的钢锯岭。在这群人中间，却有一个不愿拿起武器的军医。他名叫戴斯蒙德·道斯（安德鲁·加菲尔德 Andrew Garfield 饰），来自美国的弗吉尼亚。太平洋爆发之际，瘦弱的戴斯蒙德志愿成为救死扶伤的军医而应征入伍。可因童年和家庭的原因，他始终不愿拿起枪支操练，为此宁愿背上拒服兵役的罪名被送上军事法庭。几经周折，戴斯蒙德最终和战友来到了钢锯岭。枪林弹雨，转瞬之间无数人应声倒地。在信仰和信念的支持下，戴斯蒙德仅凭一己之力拯救了数十条濒死的生命……
                                    ",8.7,优秀的战争片不会美化战场，不会粉饰死亡，不会矮化敌人，不会无视常识，最重要的，不会宣扬战争。,血战钢锯岭
158,"
                                　　本是岭南大学学生的王佳芝（汤唯 饰）因战争辗转到了香港读书，她在香港大学加入了爱国青年邝裕民（王力宏 饰）组织的话剧组，他们主演的爱国话剧更激起了他们的爱国情操。当邝裕民得知汪伪政府的特务头子易先生（梁朝伟 饰）正在香港的时候，他们便密谋要刺杀易先生。化名“麦太太”的王佳芝很快得到了易太太（陈冲 饰）的信任与喜爱，同时美丽的“麦太太”也吸引了易先生的眼球，正当事情进行得如火如荼之际，易先生突然要回到上海去。
                                    ",8.7,假戏真情，爱欲深海,色，戒
98,"
                                　　1960年代的香港，报馆编辑周慕云（梁朝伟 饰）与太太搬进一间住户多是上海人的公寓，和某家日资公司的贸易代表陈先生与太太苏丽珍（张曼玉 饰）成了邻居。因为发现各自在外工作的配偶背着他们有了婚外情，周慕云和苏丽珍开始见面商讨未来可能发生的事情以及相应对策。
                                    ",8.7,偷情本没有这样美。,花样年华
132,"
                                　　在星巴克工作的山姆（西恩•潘 Sean Penn 饰），虽已成人，但智力水平只有7岁。一次偶然，他收留了一个流浪女。该女子帮山姆生下了一个女儿后消失得无影无踪。
                                    ",9.0,爱并不需要智商 。,我是山姆
108,"
                                　　包龙星（周星驰 饰）用钱买来了一个候补知县的职位，可是为人贪婪，县上的人都对他痛恨之极。在他代替正式知县的时候，戚家媳妇戚秦氏（张敏 饰）遭到了常威( 邹兆龙 饰 )的强暴，后来常威动了杀机把戚家上下都杀害了，更嫁祸于戚秦氏。常威是水师提督大人的儿子，请来大状方唐镜（吴启华 饰），收买了所有证人以便洗脱罪名。包龙星虽然极力寻找证据，也被迫害至落难他乡。他决定要上京告御状，后来他因没钱不得不在妓院打工，向老板娘学习了一身斗嘴的好功夫。他在妓院里误打误撞认识了皇上，帮助皇上有功他被封了大官，重审戚家被害的案件。他凭着聪慧与口才，全力为戚秦氏讨回公道。
                        ",8.7,,九品芝麻官
124,"
                                　　25年前，高中生任娜美（沈恩京 饰）一家从全罗道搬到汉城，娜美入读真德女子高中，因方言浓重怯于开口的娜美幸运的得到了同班大姐头夏春花（姜索拉 饰）的维护，并与围绕在夏春花周围的执着于双眼皮的金玫瑰、满嘴脏话的黄珍熙、梦想成为作家的徐金玉、要成为韩国小姐的俞福姬以及沉默傲慢的美人郑秀智等五人结识。在一次和不良少女团对决之后，春花和娜美等七人组成了“Sunny”团体……
                                    ",8.8,再多各自牛逼的时光，也比不上一起傻逼的岁月。 ,阳光姐妹淘
114,"
                                　　二战期间，盟军苦于德国的秘密系统“英格玛”无法破译，政府召集了一批民间数学家、逻辑学家进行秘密破解工作，图灵（本尼迪克特·康伯巴奇 Benedict Cumberbatch 饰）就是其中之一。计划刚开始图灵遭到了以休（马修·古迪 Matthew Goode）为首的组员和 领导的排斥，幸好军情处部长孟席斯（马克·斯特朗 Mark Strong 饰）帮助他立项研究破译密码的机器，而图灵则变成了负责人，招收了新的成员琼（凯拉·奈特莉 Keira Knightley）开始了艰难的工作。琼很快就迷上了图灵，由于她的帮助所有组员空前的团结，并于两年后成功破解德军的密码。图灵一度与琼订婚，但实际上他隐瞒了一个秘密，因为这个秘密他也遭受了非人的待遇……
                                    ",8.8,他给机器起名“克里斯托弗”，因为这是他初恋的名字。,模仿游戏
118,"
                                　　世纪之交，古老的中国正迎来前所未有的巨大变革。老态龙钟的大清王朝摇摇欲坠，六君子的鲜血无法阻止历史车轮的滚动，老北京城的上空风云变幻，波谲云诡。王利发（于是之 饰），北京城内裕泰茶馆的年轻掌柜。他谨记父亲的教诲，体面周全地迎送四方宾客。小小的茶馆内，三教九流各色人等穿梭于此：提笼架鸟哀叹时运的松二爷（黄宗洛 饰）；慨叹国之将亡的刚毅满人常四爷（郑榕 饰）；一心谋求实业救国的秦仲义（蓝天野 饰）；丧尽天良买卖人口的刘麻子（英若诚 饰）；打算娶老婆的庞太监（童超 饰）……你方唱罢我登场，小小茶馆之内演尽世间的沧桑与凄凉……
                                    ",9.6,,茶馆
108,"
                                　　伟同（赵文瑄）是事业有成的男同志，与男友赛门（Mitchell Lichtenstein）在美国过着幸福的同居日子，烦恼来自要用各种招数应对远在台北的父（郎雄）母（归亚蕾）的一次次逼婚。伟同被逼以“乖乖仔”形象修书一封声称会在美国结婚，没料父母想亲眼见证。无奈，他只得拉上来自上海的不得志的女艺术家葳葳（金素梅）“假婚”，想逃过一劫。
                                    ",9.0,中国家庭的喜怒哀乐忍。,喜宴
113,"
                                　　金轮国王妃（叶玉卿 饰）与表哥欧阳锋（梁朝伟 饰）有染，为霸占江山，他们毒死了国王，但没找到传国玉玺。得知玉玺在前往九宫山找寻其师父求助的三公主（林青霞 饰）手里后，欧阳锋企图抢到手但没成功。糊涂国师（张曼玉 饰）在淫威下屈服，查出三公主的具体下落，欧阳锋乘火箭金靴追赶 ，却误脱落一只插死刚出关的王重阳（钟镇涛 饰），奄奄一息的王重阳恳求适逢路过的三公主找到其师弟周伯通（刘嘉玲 饰）代为报仇。逃到九宫山的三公主邀得师弟黄药师（张国荣 饰）与师妹（王祖贤 饰）相助，再加上前来寻找表妹的洪七（张学友 饰）、找到真心人才能成仙的段智兴（梁家辉 饰），一场与欧阳锋的生死恶战蓄势待发……
                        ",8.7,百看不厌。 ,射雕英雄传之东成西就
65,"
                                　　商末时期，陈塘关总兵李靖的夫人怀胎3年6个月，最终生下一个肉球，肉球中跳出一个伶俐可爱的男孩。李靖原当他是妖孽欲杀之而后快，幸太乙真人前来收之为徒，赐名哪吒，并赐以乾坤圈和混天绫两件宝贝。某年，天下大旱，甘露未降。哪吒和家将到东海洗澡玩耍。他用混天绫搅动海水，撼动龙宫，惹出巡海夜叉李艮和龙王三太子敖丙。几番言语不和，哪吒杀此二人，由此闯下通天大祸。四海龙王齐聚陈塘关索命，为救一方百姓，哪吒决定交出生命……
                                    ",9.2,想你时你在闹海。,哪吒闹海
125,"
                                　　爱德华（伊万·麦克格雷格 Ewan McGregor 饰）生性热爱自由，成年之后，他选择离开家乡，踏上了环游世界的旅程。一路上，爱德华遇见了各种各样稀奇古怪的角色，经历了无数精彩绝伦的的冒险，而他日后最大的兴趣，就是向他人喋喋不休的重复讲述他的这一段奇幻旅程。
                                    ",8.8,抱着梦想而活着的人是幸福的，怀抱梦想而死去的人是不朽的。,大鱼
106,"
                                　　一所平凡的中学，1年B组即将迎来春假。不知天高地厚的学生们肆意吵闹，殊不知一场绵亘数月的风暴正向他们袭来。级任教师森口悠子（松隆子 饰）全然无视这片混乱，静静地向学生们做出最后的告白。这个单亲妈妈独自抚养着可爱的女儿（芦田爱菜 饰），然而女儿最终在游泳池中溺水身亡。警察 认定这是一起意外，森口则认定女儿死于班上两个学生之手。她不动声色地指责着犯人A和B，并宣布用自己的方式进行复仇。在此之后，森口辞去教师职务，1年B班的学生也心怀惴惴迎来了春假。新学期开始，残酷的风暴袭向了这群无知无畏的少男少女……
                                    ",8.8,没有一人完全善，也没有一人完全恶。,告白
92,"
                                    　　1976年，8岁的玛丽·黛西·丁格尔（贝丝妮·惠特摩尔 Bethany Whitmore 配音）是澳大利亚墨尔本的一个小女孩，喜欢动画片“诺布利特”、甜炼乳和巧克力。玛丽的妈妈是个酒鬼，而在茶叶包装厂工作的父亲平日只喜欢制作鸟标本。孤独的玛丽没有朋友，某一天心血来潮给美国纽约市的马克思·杰瑞·霍罗威茨（菲利普·塞默·霍夫曼 Philip Seymour Hoffman 配音）写了一封信询问美国小孩从哪里来，并附上一根樱桃巧克力棒。44岁的马克思患有自闭症及肥胖，碰巧也喜欢看“诺布利特”动画片及吃巧克力。二人的笔友关系从1976年维持到1994年，期间各自经历了许多人生起伏，直到成年的玛丽（托妮·科莱特 Toni Collette 配音）终于来到纽约看望马克思……
                                        ",9.0,你是我最好的朋友，你是我唯一的朋友 。,玛丽和马克思
163,"
                                    　　1858年，美国南北战争前两年。德国赏金猎人金·舒尔茨（克里斯托弗·瓦尔兹 Christoph Waltz饰）从贩奴商人手中买下黑奴姜戈（杰米·福克斯 Jamie Foxx饰），让其重获自由。舒尔茨实则是要把姜戈培养成无法无天的赏金猎人，为其缉拿各种通缉犯以换取报酬。姜 戈的唯一条件是：从暴虐的糖果庄园主卡尔文·坎迪（莱昂纳多·迪卡普里奥 Leonardo DiCaprio饰）手中解救出自己的妻子布鲁姆希尔达（凯丽·华盛顿 Kerry Washington饰）。本片是昆汀向1966年由塞吉奥·考布西执导的经典意大利西部片《迪亚戈》的致敬之作。
                                        ",8.8,热血沸腾，那个低俗、性感的无耻混蛋又来了。,被解救的姜戈
95,"
                                　　超级坏蛋格鲁（史蒂夫·卡瑞尔 Steve Carell 配音）在听说埃及金字塔被盗的新闻后不满市面上新贼辈出，决定在纳法利欧博士（拉塞尔·布兰德 Russell Brand 配音）的帮助下建造火箭升空盗取月亮。在向坏蛋银行贷款的过程中，格鲁盗取的收缩射线枪被新贼维克托（杰森·席格尔 Jason Segel 配音）抢走。为了夺回收缩射线枪，格鲁决定领养三位孤儿——玛戈（米兰达·卡斯格拉夫 Miranda Cosgrove 配音）、伊迪丝（达娜·盖伊 Dana Gaier 配音）和阿格蕾丝（埃尔希·费舍 Elsie Fisher 配音），利用她们进入维克托的城堡兜售饼干的机会实施偷盗，计划成功后再偷偷处理掉三个小孩。然而在平凡的日常相处中，格鲁却发现自己越来越离不开这三个小鬼，但这样的感情用事却将严重影响周密的盗月计划……
                        ",8.7,Mr. I Don't Care其实也有Care的时候。,神偷奶爸
118,"
                                　　证券公司基金管理人石宇（孔侑 饰）光鲜精干，却也是个重利轻义之徒。妻子为此与之决裂，女儿秀安（金秀安 饰）则对如此自私的父亲越来越失望，决定前往釜山和母亲生活。在秀安生日这天，石宇抽出时间陪伴女儿登上开往釜山的特快列车。而与此同时，城市四处出现了极为可疑的暴动事件。政府极力洗白无法掩盖丧尸肆虐的事实，即便懵然无知的列车乘客也因为不速之客的到来而堕入恐慌绝望的地狱中。开车的刹那，一名感染者冲入车厢，而她很快尸变并对目光所及之处的健康人展开血腥屠杀。未过多久，丧尸便呈几何数爆发性地增长。石宇被迫和幸存者的乘客们在逼仄的空间中奋力求生。
                                    ",8.6,揭露人性的丧尸题材力作。,釜山行
134,"
                                　　金门集团会长、暴力组织在虎派大佬石东出遭遇车祸身亡，该事件在黑白两道引起不小震荡。为了遏制金门集团进一步向合法领域渗透并持续壮大，警方及时提出“新世界计划”，旨在干预金门集团继任大佬的选举。而围绕会长头衔，金门旗下三号人物华侨出身的丁青（黄正民 饰）和四号人物常务理事李仲久（朴圣雄 饰）展开一连串明争暗斗。在危机四伏的当下，警方姜科长（崔岷植 饰）命令卧底十年之久的李子成（李政宰 饰）左右选举结果。子成六年前和丁青结识，并且得到对方的器重和信任。早已厌倦黑道生活的子成无奈受命，却无疑将自己投入了凶险非常的黑色漩涡之中。
                                    ",8.9,要做就做得狠一点，这样才能活下去。,新世界
103,"
                                　　距上一次的冒险已经过去11个年头，转眼间安迪（约翰·莫里斯 John Morris 配音）变成了17岁的阳光男孩。这年夏天，安迪即将开始大学生活，他必须将自己的房间收拾整齐留给妹妹。此前，伍迪（汤姆·汉克斯 Tom Hanks 配音）与巴斯光年（蒂姆·艾伦 Tim Allen 配音）等玩具一直期待安迪再和他们玩耍，但是随着岁月的流逝，他们被冷落在箱子里很久了。安迪十分珍惜这些童年的玩伴，于是准备将他们收在阁楼。谁曾想，妈妈却把玩具们当作废物扔到街道上。玩具们误解了安迪，于是愤然出走，宁可被捐赠到阳光之家幼儿园。
                                    ",8.9,跨度十五年的欢乐与泪水。,玩具总动员3
129,"
                                　　根据简·奥斯汀同名小说改编。伊丽莎白·班纳特(凯拉·奈特丽 饰)出身于小地主家庭，有四个姐妹，母亲班纳特太太整天操心着为女儿物色称心如意的丈夫。新来的邻居宾格来先生和他的朋友达西（马修·麦克菲迪恩 饰）打破了她们一家人单调的乡村生活。宾格来和伊丽莎白的姐姐简·班纳特互生情愫；达西对善良聪明的伊丽莎白产生了好感，而伊丽莎白却对达西不可一世的傲慢心存偏见，不接受他的感情。然而，世事难料，宾格来和简·班纳特因为误会，关系危在旦夕；达西的种种作为，展示了性格中和伊丽莎白相同的善良一面，逐渐赢得了伊丽莎白的好感。两对有情人能否终成眷属？班纳特姐妹们能否得到自己想要的生活？
                                    ",8.7,爱是摈弃傲慢与偏见之后的曙光。,傲慢与偏见
157,"
                                　　这是一个不同寻常的学期，魔法学校的盛事：三强争霸赛在霍格沃茨举行。学生们争先报名，希翼获得永恒无上的荣誉。火焰杯在选出三所学校的三名勇士后，竟将未足年龄的哈利也挑选出来。
                                    ",8.8,,哈利·波特与火焰杯
92,"
                                    　　我们不知道，在那样的世界里住着那样一群怪物。他们长相滑稽，却必须装作狰狞。因为，在夜深的时候，他们要悄悄的出现在孩子的衣橱里，吓唬刚刚甜美睡去的宝宝。一切，只因为他们是怪物电力公司的员工，而孩子的尖叫，则是怪物王国发电的全部能量。怪物们害怕孩子，却又必须让孩子尖叫。在怪物的国度里，他们都是为全民造福的英雄。
                                        ",8.8,不要给它起名字，起了名字就有感情了。,怪兽电力公司
45,"
                                　　某年夏天，6岁小女孩竹川萤来到爷爷家度假，她闯进了传说住满妖怪的山神森林。正当她因为迷路而焦急万分的时候，一个戴着狐狸面具的大男孩出现在她面前，并引领着萤找到回家的路。虽然萤分外感激，可是男孩却禁止她碰触自己的身体，原来这名叫银的男孩并非人类，他一旦被人类碰触就会烟消云散。在此后的日子里，萤和银成为好朋友，他们走遍了森林的每一个角落玩耍。日复一日，年复一年，每到夏天的时候萤就会如约来到森林和好朋友见面。她遵守着和银的约定，无论如何也不碰触银的身体。随着年龄的增长，萤和银对彼此的情感都悄悄发生了变化，他们共同期待相聚的日子，共同期待拥抱对方……
                                    ",8.9,触不到的恋人。,萤火之森
81,"
                                　　当红三人少女偶像团体Charming Bird面临解散，核心成员雾越未麻在事务所的安排下不得不退出团体，转型成为一名电视剧演员。万事开头难，对于偶像歌手转型而来的未麻尤其如此，她在工作中承受着压力，闷闷不乐。与此同时，各种恐吓信不断、经纪人田所先生遇袭以及以自己的口吻在网站上写日记的神秘人都让未麻焦虑不已，恍惚间她甚至看到另一个自己。
                                    ",9.1,好的剧本是，就算你猜到了结局也猜不到全部。,未麻的部屋
162,"
                                　　转眼间已经是1979年，第二代教父麦克•柯里昂（阿尔•帕西诺 饰）到了垂暮之年，为了灵魂的救赎，麦克慢慢结束家族的黑道事业，转投正当生意。
                                    ",9.0,任何信念的力量，都无法改变命运。,教父3
116,"
                                　　欧维（罗夫·拉斯加德 Rolf Lassgård 饰）是一个刻板而又固执的老头，他的妻子半年前死于疾病，留他一人生活在这个混乱不堪的世界之中。每天早晨，欧维都会定时在社区里进行巡视，确认所有的车辆都停在应停的位置，呵斥违反规定私自驶入社区的车辆，赶走四处乱转破坏环境的猫狗，在社区居民眼里，欧维是“来自地狱的恶邻”，可每个人都明白，这其实是欧维对于社区爱之深刻的表现。
                                    ",8.9,惠及一生的美丽。,一个叫欧维的男人决定去死
98,"
                                　　维京岛国的少年小嗝嗝（杰伊•巴鲁切尔 Jay Baruchel 配音）是部落统领伟大的斯托里克（杰拉德·巴特勒 Gerard Butler 配音）的儿子，他非常想像自己的父亲一样亲手屠龙——这些飞龙是岛上维京人放牧羊群的主要天敌——但他每次出现在部落屠龙的战斗中都只给大家徒增烦恼。在一次对抗飞龙的战斗中，希卡普偷偷用射龙器击伤了一只最神秘的“夜之怒龙”，并背着族人放生、豢养，甚至驯服了这只龙，还给它起名“无牙”。希卡普的神秘行径引起了一同训练屠龙技巧的女孩阿斯特丽德（亚美莉卡·费雷拉 America Ferrera 配音）的怀疑。阿斯特丽德发现了希卡普的秘密，却同时被身骑“无牙”御风而飞的美妙体验所震撼。格雷决定在屠龙成人礼上向远征归来的斯托里克和族人讲明真相，说服大家放弃屠龙，却偏偏弄巧成拙，害得“无牙”被俘，一场更大的灾难就在眼前……
                        ",8.8,和谐的生活离不开摸头与被摸头。,驯龙高手
128,"
                                　　为了完成父亲的心愿，维克多（汤姆•汉克斯 Tom Hanks 饰）从故国乘坐飞机前往美国肯尼迪机场，但戏剧性的事情发生了：他被告知祖国发生政变，而他的身份证护照一一失效，同时他的签证也无法再使用。进退两难的维克多只有在机场滞留，等待新证件的办理。
                                    ",8.8,有时候幸福需要等一等。 ,幸福终点站
120,"
                                　　于无法融入喧嚣吵闹的大城市，平凡女孩市子（桥本爱 饰）选择回到自幼生长的老家——位于日本东北地区的小森村。这里没有过多时尚文明的色彩，当地人过着日出而作日落而息的传统生活，他们靠天吃饭，靠着双手经营人生。生活虽不富裕，心中则是满满的充实和欢喜。受妈妈（桐島かれん 饰） 影响，市子似乎对亲手制作各种美味而廉价的料理有着格外浓厚的兴趣。妈妈失踪已经很久，对料理的回忆与再现成为母女间别具特色的交流方式。更何况还有取自大自然的各种食材，又怎能暴殄天物浪费了大好的韶光？在好友纪子（松冈茉优 饰）和裕太（三浦贵大 饰）的陪伴下，市子静静地走过了春夏秋冬……
                                    ",9.0,尊敬他人，尊敬你生活的这片土地，明白孤独是人生的常态。,小森林 冬春篇
111,"
                                　　正在读初三的月岛雯是一个喜欢看书的女孩，她每次都能在借书卡上看到一个叫天泽圣司名字，因此她对这个人充满了好奇。 雯一直喜欢写诗，有一天她跟好友夕子在讨论写诗的事，夕子告诉雯自己收到了情书，但事实上夕子已有了喜欢的人。更没有想到的是，夕子喜欢的杉村喜欢的是雯，雯一时间感到十分困惑。 雯无意中来到了一个小店，原来店主是圣司的爷爷。认识了圣司之后，听到了圣司对自己理想的追求之后，也激发了雯对自己理想的追求之念。当圣司离开了到意大利学习做小提琴时，雯决定要专心写作。当雯完成了作品之后，她发现原来自己高估了自己，就这样她选择继续考高中，这时她非常想念圣司。 一天凌晨，她站到窗边，突然看到了一个熟悉的身影……
                        ",8.9,少女情怀总是诗。,侧耳倾听
123,"
                                　　Tim（多姆纳尔·格利森 Domhnall Gleeson 饰）21岁了，他的老爸（比尔·奈伊 Bill Nighy 饰）告诉他，他们家族的男人都有时光旅行的超能力，可以回到过去。于是Tim将信就疑地试了一下，回到了夏天，在那里他试图改变和暗恋对象的关系，却发现怎么穿越时空都不能让不爱你的人爱上你。之后Tim来到了伦敦，成为了一个律师。他爱上了一个漂亮的姑娘Mary（瑞秋·麦克亚当斯 Rachel McAdams 饰），他通过几次时空旅行，努力地想成为Mary的男朋友。再后来，他又试图通过时光旅行，去挽回一场失败的话剧，去改善妹妹的生活，去更好地和亲人、朋友相处，度过生命中的每一天。
                        ",8.8,把每天当作最后一天般珍惜度过，积极拥抱生活，就是幸福。,时空恋旅人
98,"
                                　　书生宁采臣（张国荣饰）收账不成，无处可归，遂夜宿鬼寺兰若寺，遇上侠士燕赤霞（午马饰），二人成为邻居。一日偶遇艳女小倩（王祖贤饰），二人两情相悦，但小倩乃是被树妖姥姥控制的鬼魂，专门迷惑精壮男子代姥姥吸取阳气。小倩见宁采臣心地善良不忍加害，并与他感情逐渐加深。宁采臣欲救小倩脱离姥姥魔掌，但苦于姥姥功力深厚，小倩无法脱离其魔掌。二人遂向燕赤霞求救......
                        ",8.8,两张绝世的脸。 ,倩女幽魂
141,"
                                　　新搬来的公寓这家人是母亲惠子（You饰）带着四个孩子：明（柳乐优弥饰）、京子、茂、雪。但母亲却得对周围的人们撒谎说丈夫去海外工作，自己与长子两个人在一起生活。事实是其它三名弟妹是“黑孩子”，因为四个孩子有着各自不同的父亲。他们一直呆在家中，没有去学校上学。
                                    ",9.1,我的平常生活就是他人的幸福。,无人知晓
149,"
                                　　结婚五周年纪念日的早上，尼克·邓恩（本·阿弗莱克 Ben Affleck 饰）来到妹妹玛戈（凯莉·库恩 Carrie Coon 饰）的酒吧，咒骂抱怨那个曾经彼此恩爱缠绵的妻子艾米（罗莎蒙德·派克 Rosamund Pike 饰）以及全然看不见希望的婚姻。当他返回家中时， 却发现客厅留下了暴行的痕迹，而妻子竟不见了踪影。女探员朗达·邦妮（金·迪肯斯 Kim Dickens 饰）接到报案后赶来调查，而现场留下的种种蛛丝马迹似乎昭示着这并非是一件寻常的失踪案，其背后或许隐藏着裂变于夫妻之情的谋杀罪行。艾米的失踪通过媒体大肆渲染和妄加揣测很快闻名全国，品行不端的尼克被推上风口浪尖，至今不见踪影的爱人对他进行无情审判，你侬我侬的甜言蜜语早已化作以血洗血的复仇与折磨……
                                    ",8.7,年度最佳date movie。,消失的爱人
138,"
                                　　单亲孩子菲利普·佩里（T·J·劳瑟 T.J. Lowther 饰）的母亲对他管教甚严，8岁的小菲利普甚至从未参加过一次鬼节讨糖果的游戏。附近州监狱的两名罪犯越狱成功，劫持了菲利普作为人质，向德州边界逃窜。途中，罪犯之一的布奇（凯文·科斯特纳 Kevin Costner 饰）干掉了鲁莽愚蠢的同伙，却对小菲利普照顾有加。与此同时，德州警探瑞德（克林特·伊斯特伍德 Clint Eastwood 饰）带着手下和州长特派的犯罪专家萨利（劳拉·邓恩 Laura Dern 饰）一同火速追捕布奇。双方在德克萨斯州境内展开了一场公路赛大竞技；而小菲利普也经历了很多从未想过过的刺激与快乐，并与布奇产生了一种近似父子的不寻常感情……
                        ",9.1,坏人的好总是比好人的好来得更感人。,完美的世界
111,"
                                　　平凡女孩市子（桥本爱 饰）自幼生长在位于日本东北地区的村庄小森。这里远离都市的喧嚣和浮躁，为青山绿水所环绕，俨然一个幽静怡然的世外桃源。村民们日出而作，日落而息，依靠一双勤劳的双手经营渺小却舒适的生活，与世无争。市子曾经前往东京闯荡，只不过她终究无法适应都市快节奏的步伐，最终回到了妈妈早已不在的老宅。童年时妈妈福子利用山川田野各种食材做出胡乱命名的美食，实心眼的市子在感叹受骗之余，也将美好的回忆留在了味蕾深处。仿佛遵循着母亲的步伐，她将对故乡的热爱融入了美食的烹制中。在朋友佑太（三浦贵大 饰）和吉子（松冈茉优 饰）的环绕下，享受着无忧无虑的人生……
                                    ",9.0,那些静得只能听见呼吸的日子里，你明白孤独即生活。,小森林 夏秋篇
94,"
                                　　虽然患有心脏方面的疾病，但是少年翔（神木隆之介 配音）的父母依然对他疏于呵护。为了准备即将到来的手术，翔来到了位于偏远乡间的姨婆（竹下景子 配音）家静养。姨婆家位于一片幽静的丛林中，这是一幢有着上百年历史的欧式别墅。这里除了生活着姨婆和女佣阿春（树木希林 配音）外，还有一个奇特的三口之家，“借东西一族”——小人阿莉埃蒂（志田未来 配音）和她的爸爸（三浦友和 配音）妈妈（大竹忍 配音），他们生活在别墅的地板下，只有几公分高，过着不为人类察觉的生活。遇到所需的日常用品时，便会在夜深人静之时偷偷潜入厨房借出来。翔无意中瞥见阿莉埃蒂的身影，他有心接近这些传说中的小人，却不知不觉打扰了他们的生活…… 本片根据英国作家玛丽·诺顿的原著《借东西的小人》改编，并荣获2011年日本电影学院奖最佳动画片奖。
                        ",8.9,曾经的那段美好会沉淀为一辈子的记忆。,借东西的小人阿莉埃蒂
134,"
                                　　20世纪70年代初的北京，忙着“闹革命”大人无空理会小孩，加上学校停课无事可做，以军队大院男孩为突出代表的少年人便自找乐子，靠起哄、打架、闹事、拍婆子等方式挥霍过量的荷尔蒙。马小军（夏雨 饰）就是这样的少年，他的嗜好之一是趁别人家无人用万能钥匙将其锁打开，溜进去耍玩一番，正是用这样的方式，少女米兰（宁静 饰）的照片先于其人入了马小军的双眼。通过院里的“头儿”刘忆苦（耿乐 饰），马小军又见到之前在炮局偶然瞥见过一眼的米兰，开始正式将其当作梦中情人，然而在米兰眼中，马小军不过是毛孩一个，她中意的人是成熟、稳重、帅气的刘忆苦。自此，马小军迎来五味混杂的青春期生活。
                                    ",8.9,一场华丽的意淫。,阳光灿烂的日子
122,"
                                　　艾米莉（奥黛丽·塔图 Audrey Tautou 饰）有着别人看来不幸的童年——父亲给她做健康检查时，发现她心跳过快，便断定她患上心脏病，从此艾米莉与学校绝缘。随后因为一桩意外，母亲在她眼前突然死去。这一切都毫不影响艾米莉对生活的豁达乐观。
                                    ",8.7,法式小清新。 ,天使爱美丽
118,"
                                　　改革开放初期，黎小军（黎明 饰）告别女友小婷（杨恭如 饰）从天津（国语版中为无锡）来到香港讨生活，期望有天挣到大钱把小婷接来与之风风光光地成婚，没料想日子会比想象中的难熬许多。
                                    ",8.9,相逢只要一瞬间，等待却像是一辈子。,甜蜜蜜
121,"
                                　　暑假到来，自幼丧父的小学三年级学生正男（关口雄介饰），如今和奶奶生活在一起，暑假特别无聊。他拿出母亲从外地寄回的信，准备自己一个人去爱知县丰桥市看望母亲。
                                    ",8.9,从没见过那么流氓的温柔，从没见过那么温柔的流氓。,菊次郎的夏天
80,"
                                　　九年前，杰西（伊桑·霍克 Ethan Hawke 饰）与席琳（朱莉·德尔佩 Julie Delpy 饰）在火车上不期而遇，怦然心动。在维也纳渡过疯狂而又浪漫的一夜后，他们在日出前分手，并相约在维也纳重逢。
                                    ",8.9,九年后的重逢是世俗和责任的交叠，没了悸动和青涩，沧桑而温暖。,爱在日落黄昏时
102,"
                                　　未来世界的超级都市旧京山（San Fransokyo），热爱发明创造的天才少年小宏，在哥哥泰迪的鼓励下参加了罗伯特·卡拉汉教授主持的理工学院机器人专业的入学大赛。他凭借神奇的微型磁力机器人赢得观众、参赛者以及考官的一致好评，谁知突如其来的灾难却将小宏的梦想和人生毁于一旦。大火烧毁了展示会场，而哥哥为了救出受困的卡拉汉教授命丧火场。身心饱受创伤的小宏闭门不出，哥哥生前留下的治疗型机器人大白则成为安慰他的唯一伙伴。原以为微型机器人也毁于火灾，谁知小宏和大白竟意外发现有人在某座废弃工厂内大批量地生产他的发明。
                                    ",8.7,Balalala~~~,超能陆战队
134,"
                                　　为了拯救危难中的村民，阿斯达卡的右手中了凶煞神的诅咒。达卡只好离开亲人往西方流浪以寻找解除诅咒的方法。旅途中他遇到了由幻姬大人带领的穷苦村民在麒麟兽的森林里开采铁矿，提炼矿石。 白狼神莫娜和她养大的人类女孩“幽灵公主”桑对幻姬恨之入骨，因为她们觉得幻姬带领众人破坏了森林。想帮助人类的阿斯达卡被桑深深吸引，他理解她，但为了帮助穷人又不得不和她作战。一次战斗中，阿斯达卡被麒麟兽所救，他的立场更加摇摆不定。 这时，以疙瘩和尚为首的一群人来杀麒麟兽，幻姬以火枪击毙了麒麟，麒麟的头被疙瘩和尚抢走。愤怒的麒麟的灵魂为夺回自己的头，大肆破坏着森林。阿斯达卡和桑联手决定帮麒麟夺回头颅。
                        ",8.9,人与自然的战争史诗。,幽灵公主
102,"
                                　　编号为223的警察（金城武）失恋后患上失恋综合症，在与金发女杀手（林青霞）擦肩而过又离奇相遇并有了一晚温情后，原本以为包括“爱情”在内的所有东西都有保质期的他意外地迎来心灵的短暂温暖。可是，他们的爱情还是结束了。
                                    ",8.8,寂寞没有期限。,重庆森林
107,"
                                　　麦克（布鲁斯·威利斯 饰）是著名儿童心理学家，却也有始终未能治愈的患者，甚至因此遭到枪击，这名少年随后也饮枪自毙。这给麦克带来很大心理阴影，一年后他找到另一个症状很像这名患者的男孩柯尔（海利·乔·奥斯蒙 饰），并耐心的做起了他的医生。柯尔并不容易接近，但麦克还是慢慢赢得 了他的信任，得知了柯尔的秘密。原来柯尔有着灵异的第六感，可以看到鬼魂。虽然这令人感到难以置信，但麦克在证实了事情的真相后还是帮助柯尔接受了这个事实。
                                    ",8.9,深入内心的恐怖，出人意料的结局。,第六感
165,"
                                    　　检察官哈维·登特（艾伦·艾克哈特 Aaron Eckhart 饰）死后的八年间，哥谭市在戈登警长（加里·奥德曼 Gary Oldman 饰）的努力下有效地遏制了犯罪活动。而蝙蝠侠布鲁斯·韦恩（克里斯蒂安·贝尔 Christian Bale 饰）因为背负谋杀登特的罪名，被 警方通缉，在哥谭市销声匿迹。然而，这看似平静的状态被恐怖分子贝恩（汤姆·哈迪 Tom Hardy 饰）的出现打破，他利用猫女（安妮·海瑟薇 Anne Hathaway 饰）偷取布鲁斯的指纹，致使韦恩集团面临破财，布鲁斯被赶出董事会。为了保证韦恩集团投资的能源项目不被坏人利用制造核弹，布鲁斯帮助米兰达（玛丽昂·歌迪亚 Marion Cotillard 饰）成为董事会主席。贝恩接下来一连串精密设计的计划将哥谭市陷入孤绝之境，毁灭之日指日可待。布鲁斯只能再次肩负起拯救哥谭的重任，然而至亲的...
                            ",8.8,诺兰就是保证。,蝙蝠侠：黑暗骑士崛起
178,"
                                　　威廉•华莱士童年时，其父、苏格兰民族英雄马索•华莱士在与英军的斗争中牺牲，他开始接受父亲好友的指导，学习苏格兰文化和武术。青年华莱士（梅尔•吉布森）学成回到故乡，向美丽的少女梅伦求婚，不想梅伦被英军抢去且遭杀害。在广大村民“英雄之后”的呼声中，华莱士率众揭竿起义，并与苏格兰贵族罗伯结成联盟，但不久他发现，苏格兰贵族考虑的只是自身的利益。
                                    ",8.9,史诗大片的典范。,勇敢的心
101,"
                                　　美国青年杰西（伊桑·霍克 Ethan Hawke 饰）在火车上偶遇了法国女学生塞琳娜（朱莉·德尔佩 Julie Delpy 饰），两人在火车上交谈甚欢。当火车到达维也纳时，杰西盛情邀请塞琳娜一起在维也纳游览一番，即使杰西翌日便要坐飞机离开。与杰西一见钟情的塞琳娜接受了杰西的邀请。
                                    ",8.8,缘分是个连绵词，最美不过一瞬。,爱在黎明破晓前
130,"
                                　　买了昂贵的大提琴，想要成就一番事业的小林大悟（本木雅弘 饰），经历了4个月的管弦乐演奏，得到的却是“乐团解散”的噩耗与购买乐器的高昂债务。迫不得已，大悟与妻子美香（广末凉子 饰）搬到老屋，过着清贫的日子。某日，一则广告吸引了大悟的注意：NK代理公司，帮助旅行，高薪短工时。大悟来到NK代理公司面试，社长佐佐木生荣（山崎努 饰）二话不说就决定聘用大悟，但却对工作内容避而不谈。在大悟的再三追问下，佐佐木社长终于道明：是入殓（日语Nou Kan）工作！
                                    ",8.9,死可能是一道门，逝去并不是终结，而是超越，走向下一程。,入殓师
105,"
                                　　爱德华（约翰尼•戴普 饰）是一个机器人，他拥有人的心智，却有一双剪刀手，孤独地生活在古堡里，闯入古堡的化妆品推销员佩格把他带回家，让他走进了人类的世界。单纯的爱德华爱上了佩格的女儿金（薇诺娜•瑞德 饰），金也慢慢的被爱德华的善良所吸引。
                                    ",8.7,浪漫忧郁的成人童话。,剪刀手爱德华
134,"
                                　　美国怀俄明州的西部，沉默寡言的农夫恩尼斯（希斯•莱杰饰）和热情开朗的牛仔杰克（杰克•吉伦希尔饰)一道被派到山上牧羊，那里人迹罕至，他们只有与羊群为伴，生活单调无味。一个天寒地冻的夜晚，在酒精与荷尔蒙的作用下，他们做了“不该做的事情”，也就此他们在断背山上度过了人生中最美好的时光。
                                    ",8.8,每个人心中都有一座断背山。,断背山
132,"
                                　　故事发生在八十年代的意大利里维埃拉，每年夏天，十七岁的少年艾力奥（提莫西·查拉梅 Timothée Chalamet 饰）都会跟家人一起来此地度假。今年，和他们共享假日时光的，还有来自美国的奥利弗（艾米·汉莫 Armie Hammer 饰），高大英俊热情开朗的奥利弗很快就获得了艾力奥一家人的喜爱。
                                    ",8.9,沉醉在电影的情感和视听氛围中无法自拔。,请以你的名字呼唤我
130,"
                                　　有一天父亲（香川照之饰）突然来找阿笙（瑛太饰），告诉他有个素未谋面的姑姑死了，叫他去收拾下姑姑的房子。在河边的破烂小屋里，阿笙渐渐开始了解父亲口中的姑姑，到底有着怎样的一生。
                                    ",8.9,以戏谑来戏谑戏谑。,被嫌弃的松子的一生
127,"
                                　　1997年，只有6岁儿童智商的智障男子李龙久（柳成龙 饰）和可爱的女儿艺胜（葛素媛 饰）相依为命，生活虽然简单清贫，却充满幸福。某天，执着为女儿买美少女战士书包的龙久意外卷入一起幼童诱拐奸杀案，而死者竟是警察局长的女儿。龙久懵懂无知，搞不清状况，昏头昏脑就被投入监狱。在7号牢房中，聚集着走私犯蘇杨浩（吴达洙 饰）、诈骗犯崔春浩（朴元尚 饰）、通奸犯姜万范（金正泰 饰）、恐吓犯老徐（金基灿 饰）和抢劫犯申奉植（郑万植 饰）等五毒俱全的“社会渣滓”。龙久孩子般纯洁的心渐渐感动了这几个“大坏蛋”，他们甚至不惜冒险将艺胜带入牢房与父亲相会。
                                    ",8.9,《我是山姆》的《美丽人生》。,7号房的礼物
115,"
                                　　刚刚和妻子离婚的卢卡斯（麦斯·米科尔森 Mads Mikkelsen 饰）目前在一家托儿所工作，心地善良个性温和的他很快就受到了同事和孩子们的喜爱，其中，一个名叫卡拉（安妮卡·韦德科普 Annika Wedderkopp 饰）的早熟女孩对卢卡斯尤为的亲近。面对女孩幼稚 而单纯的示好，卢卡斯只能婉转的拒绝，可令他没有想到的是，这一举动将他的生活推向了风口浪尖。
                                    ",9.1,人言可畏。,狩猎
173,"
                                　　NJ（吴念真）是个很有原则的生意人，同妻子敏敏（金燕玲）、女儿婷婷（李凯莉）、儿子洋洋（张杨洋）以及外婆住在台北某所普通公寓里。小舅子的一场麻烦婚礼过后，因为外婆突然中风昏迷，他迎来更加混乱的日子。
                                    ",9.1,我们都曾经是一一。,一一
161,"
                                　　哈利波特（丹尼尔•雷德克里夫 Daniel Radcliffe 饰）结束了假期，即将回到霍格沃兹继续学习魔法。一个叫多比的家养小精灵警告哈利不要回到霍格沃兹，否则会陷入极大的危险。哈利没有听从多比的劝告，回到了霍格沃兹。很快，霍格沃兹发生了一连窜怪事:接二连三出现学生被石化，一直找不出原因。而哈利总能听到一种奇怪的声音，从墙壁里传出来。
                                    ",8.9,魔法的密室之门已打开...,哈利·波特与密室
143,"
                                    　　故事发生在17世纪，传说中海盗最为活跃的加勒比海。风趣迷人的杰克·斯伯洛（约翰尼·德普 Johnny Depp 饰），是活跃在加勒比海上的海盗，拥有属于自己的“黑珍珠”号海盗船。对他来说，最惬意的生活就是驾驶着“黑珍珠”号在加勒比海上游荡，自由自在的打劫过往船只。但不幸的是，他的仇敌，老谋深算的巴尔巴罗萨船长(杰弗里·拉什 Geoffrey Rush 饰)偷走了他的“黑珍珠”号。巴伯萨是一个无恶不作的坏蛋，他抢劫了杰克的""黑珍珠号""后，更加猖狂，在加勒比海上横行霸道，一时成为整个加勒比海的霸主。
                                        ",8.8,约翰尼·德普的独角戏。,加勒比海盗
90,"
                                　　近未来，为了治疗现代人类越来越多、越来越严重的精神疾病，位于东京的精神医疗综合研究所开发出一种可以反映他人梦境的机器。通过微型DC的帮助，梦境在显示器上呈现出来，更方便找到一个人焦虑的症结。
                                    ",9.1,梦的勾结。,红辣椒
127,"
                                　　“暴食”、“贪婪”、“懒惰”、“嫉妒”、“骄傲”、“淫欲”、“愤怒”，这是天主教教义所指的人性七宗罪。城市中发生的连坏杀人案，死者恰好都是犯有这些教义的人。凶手故弄玄虚的作案手法，令资深冷静的警员沙摩塞（摩根•弗里曼 Morgan Freeman 饰）和血气方刚的新扎警员米尔斯（布拉德•皮特 Brad Pitt 饰）都陷入了破案的谜团中。他们去图书馆研读但丁的《神曲》，企图从人间地狱的描绘中找到线索，最后从宗教文学哲学的世界中找到了凶手作案计划和手段的蛛丝马迹。凶手前来投案自首，这令众人都松了一口气，以为案件就此结束，怎料还是逃不出七宗罪的杀人逻辑，这次凶手瞄准的目标，是那个犯了“愤怒”罪的人……
                        ",8.8,警察抓小偷，老鼠玩死猫。,七宗罪
132,"
                                　　1986年，韩国京畿道华城郡，热得发昏的夏天，在田野边发现一具女尸，早已发臭。小镇警察朴探员（宋康昊饰）和汉城来的苏探员（金相庆饰）接手案件，唯一可证实的是这具女尸生前被强奸过。线索的严重缺乏让毫无经验的朴探员和搭档曹探员（金罗河饰）只凭粗暴逼供和第六感推断，几次将犯罪 嫌疑人屈打成招。而苏探员客观冷静，据理分析，几次排除嫌疑，警察内部为了证明与推翻矛盾不断，然而无辜女子还是接二连三被残忍杀害，他们只好达成共识一起合作。此时，一个极其符合作案特征的小青年（朴海日饰）成为最大嫌疑人，警方神经绷紧地锁定住他，同时DNA检测报告也被送往美国，然而案件并未在此处停止。
                        ",8.9,关于连环杀人悬案的集体回忆。,杀人回忆
90,"
                                　　一个典型而又引人入胜的悬疑故事：一个汽车旅馆里，住进了10个人，他们中间有司机、妓女、过气女星、夫妇、警探和他的犯人，还有神秘的旅馆经理。这天风雨大作，通讯中断，10人被困在了旅馆里，惊悚的故事开始了。
                                    ",8.9,最不可能的那个人永远是最可能的。,致命ID
89,"
                                　　尹天仇（周星驰 饰）一直醉心戏剧，想成为一名演员，平时除了做跑龙套以外，还会在街坊福利会里开设演员训练班。此时舞小姐柳飘飘在妈妈桑的带领下来到这里要求学做戏，原来柳飘飘有一段非常不愉快的经历，在尹天仇对她指导的过程中，柳飘飘对尹天仇渐生情愫，同时她也成为了夜总会里当红的小姐。尹天仇受到了极多白眼之后，终于得到了大明星鹃姐（莫文蔚 饰）的赏识，提携他担演新戏中的男主角，但没想到突然把他的角色换掉了，令他失望不已。在片场当场务的卧底警员（吴孟达 饰）身份被识穿，尹天仇阴差阳错的帮忙破了案。之后尹天仇继续活跃在街坊福利会的演员训练班里。
                        ",8.8,我是一个演员。,喜剧之王
87,"
                                　　二十年代的美国处于经济萧条时期，失业率居高不下，工人受尽压榨，成为了大机器生产中的一颗螺丝钉。查理（查理·卓别林 Charles Chaplin 饰）就是一个底层市民，他在一个机器隆隆的厂房里日以继夜地工作，以赚取微薄的收入。重复繁重的工作压得他喘不过气，他把人们的鼻子当成螺丝钉来拧，卷入流水线机器的皮带里，令人苦笑不得。
                                    ",9.3,大时代中的人生，小人物的悲喜。,摩登时代
229,"
                                    　　1933年，纽约流氓Noodles（罗伯特·德·尼罗 饰）因向哈洛伦警司（布鲁斯·巴伦堡 饰）通风报信害死了三名同伙而被追杀。逃亡之前，他打开了存放帮派基金的手提箱，里面却只有报纸。 1968年，已改名换姓的Noodles收到一封犹太会堂通知迁葬亲友的信。Noodles联系拉比，得知信是八个月前寄出的，他的三名同伙已被迁葬至一所豪华公墓。Noodles回到纽约，找老友莫（拉里·拉普 饰）了解情况，却一无所获。闲谈中，Noodles问起莫的妹妹黛博拉（伊丽莎白·麦戈文 饰）的情况，得知其已成名角。 原来，两人少时互有好感，但黛博拉（詹妮弗·康纳利 饰）志向高远脚踏实地，理智地将街头混混Noodles（斯科特·提勒 饰）拒于门外。 Noodles在公墓发现了一把钥匙，并用钥匙打开了当年存放手提箱的储物柜。这一次，箱子里有满满的百元钞，还有写着“下一份工作...
                            ",9.2,往事如烟，无处祭奠。,美国往事
98,"
                                    　　亨利•巴赫特（艾德里安•布洛迪 Adrien Brody 饰）来到社区学校担任代课老师。学校因学生反叛、经营不善而濒临绝境，多丽丝（刘玉玲 饰）为首的一批教师备受煎熬。亨利的第一堂课就遭遇了顽劣学生的挑衅，但是被他巧妙地化解。他赢得了女教师萨沙（克里斯蒂娜•亨德里克斯 Christina Hendricks）的好感。同时，他的教学方式引起了同学们的兴趣，其中就包括因肥胖而苦闷的梅丽迪斯。她一直默默地承受着因体重带来的各种责骂与嘲笑。但是因为老师，她似乎又找到了一切的理由……
                                        ",9.0,穷尽一生，我们要学会的，不过是彼此拥抱。,超脱
96,"
                                　　黎耀辉（梁朝伟）与何宝荣（张国荣）是一对同性恋人，为了有新的开始，他们怀着美丽的梦想（去看南美洲大瀑布）离开香港来到阿根廷，却在布宜诺斯艾利斯迷了路。黎耀辉想安下心来过日子，无奈何宝荣于夜夜笙歌中放纵着自己的生命，以期找寻更多的刺激，只当黎耀辉是他受伤后的港湾，两人分歧 、争吵越来越多，心的距离越来越远。
                                    ",9.0,爱情纠缠，男女一致。,春光乍泄
154,"
                                    　　《低俗小说》由“文森特和马沙的妻子”、“金表”、“邦妮的处境”三个故事以及影片首尾的序幕和尾声五个部分组成。看似独立的小故事里面，却又有环环相扣的人和事。
                                        ",8.9,故事的高级讲法。,低俗小说
141,"
                                　　哈利（丹尼尔·雷德克里夫）即将在霍格沃兹渡过第三个年头，此时在阿兹塔班却传出恶棍小天狼星（加里·奥德曼）越狱的消息。据说小天狼星正是背叛哈利父母的好友，他的教父，而这次小天狼星越狱似乎正是为了找他。哈利的心里悄悄的滋生了为父母报仇的想法，期待着小天狼星的出现。
                                    ",8.9,不一样的导演，不一样的哈利·波特。,哈利·波特与阿兹卡班的囚徒
92,"
                                　　日本和歌山县太地，是一个景色优美的小渔村，然而这里却常年上演着惨无人道的一幕。每年，数以万计的海豚经过这片海域，他们的旅程却在太地戛然而止。渔民们将海豚驱赶到靠近岸边的一个地方，来自世界各地的海豚训练师挑选合适的对象，剩下的大批海豚则被渔民毫无理由地赶尽杀绝。这些屠杀，这些罪行，因为种种利益而被政府和相关组织所隐瞒。
                                    ",9.3,海豚的微笑，是世界上最高明的伪装。,海豚湾
126,"
                                　　麻省理工学院的数学教授蓝波在席上公布了一道困难的数学题，却被年轻的清洁工威尔（马特·戴蒙 饰）解了出来。可是威尔却是个问题少年，成天和好朋友查克（本·阿弗莱特 饰）等人四处闲逛，打架滋事。当蓝波找到这个天才的时候，他正因为打架袭警被法庭宣判送进看守所。蓝波向法官求情保释，才使他免于牢狱之灾。
                                    ",8.9,人生中应该拥有这样的一段豁然开朗。,心灵捕手
100,"
                                　　1940年代的上海，自小受尽欺辱的街头混混阿星（周星驰）为了能出人头地，可谓窥见机会的缝隙就往里钻，今次他盯上行动日益猖獗的黑道势力“斧头帮”，想借之大名成就大业。
                                    ",8.8,警恶惩奸，维护世界和平这个任务就交给你了，好吗？,功夫
130,"
                                　　19世纪末，人们对科学文明还不是认识得太过清楚，于是，安吉尔（休•杰克曼Hugh Jackman饰）和伯登（克里斯蒂安•贝尔Christian Bale饰）的魔术，成为了伦敦城内的神奇人物。安吉尔出身贵族，魔术手段华丽丰富，是富人圈子里的表演常客。而伯登即使出身平平，争强好胜的心智和充满创造力的魔术技巧，却也令他有了名气。两人自小本是要好的伙伴，然而，现在魔术界二人各有领地，并且都有野心想成为音乐大厅里的顶级魔术师，一番明争暗斗如箭在弦上。
                                    ",8.9,孪生蝙蝠侠大战克隆金刚狼。,致命魔术
113,"
                                　　伊万（艾什顿·库奇 Ashton Kutcher 饰）曾经有一个糟糕的童年，因为他行为闯下了大祸，令他童年充满不堪回忆的往事。而事实上，他确实只是依稀记得一点可怕的情景，这些情景一直纠缠着他的正常生活。伊万接受心理学家建议，把琐碎生活记在记事本里，却偶然发现通过记事本回到过去。
                                    ",8.9,人的命运被自己瞬间的抉择改变。,蝴蝶效应
138,"
                                　　本片根据美国小说家丹尼斯·勒翰（Dennis Lehane）的同名小说改编。 1954年，联邦警官泰迪（莱昂纳多·迪卡普里奥 Leonardo DiCaprio 饰）和搭档查克（马克·鲁弗洛 Mark Ruffalo 饰）乘船来到波士顿附近的禁闭岛精神病犯监狱调查一桩离奇失踪案。手刃亲生骨肉的女犯蕾切尔（艾米莉·莫迪默 Emily Mortimer 饰）从戒备森严的牢室神秘逃脱，藏匿于孤岛深处。泰迪怀疑监狱的主治精神病医师约翰·考利（本·金斯利 Ben Kingsley 饰）有意隐瞒内情，并向查克透露他上岛的真实目的其实是寻找当年纵火烧死他妻子德洛丽丝（米歇尔·威廉姆斯 Michelle Williams 饰）的管理员，并揭露美国政府利用精神病犯人进行人体科学实验的罪行。但随着调查的逐渐深入，真相却变得越来越扑朔迷离……
                        ",8.9,昔日翩翩少年，今日大腹便便。,禁闭岛
99,"
                                    　　故事要从一位无名作家（裘德·洛 Jude Law 饰）说起，为了专心创作，他来到了名为“布达佩斯”的饭店，在这里，作家遇见了饭店的主人穆斯塔法（F·莫里·亚伯拉罕 F. Murray Abraham 饰），穆斯塔法邀请作家共进晚餐，席间，他向作家讲述了这座饱经风雨的大饭店的前世今生。
                                        ",8.9,小清新的故事里注入了大历史的情怀。,布达佩斯大饭店
118,"
                                　　联调局学院学员 Clarice M. Starling（乔迪·福斯特 饰）受行为科学组的 Jack Crawford（斯科特·格伦 饰）指派，前往州立巴尔的摩法医院访问被监禁的精神科医生 Hannibal Lecter（安东尼·霍普金斯 饰）。Lecter要求转到条件较 好的联邦机构，远离常常折磨他的 Frederick Chilton 医生（安东尼·希尔德 饰），并愿意为此提供持续作案的连环杀手水牛比尔（泰德·莱文 饰）的心理分析……
                        ",8.9,安东尼·霍普金斯的顶级表演。,沉默的羔羊
130,"
                                　　当又一次和伏地魔（拉尔夫·费因斯 Ralph Fiennes 饰）的意识连通，哈利·波特（丹尼尔·雷德克里夫 Daniel Radcliffe 饰）断定最后一件魂器藏在霍格沃茨，于是和罗恩（鲁伯特·格林特 Rupert Grint 饰）、赫敏（艾玛·沃森 Emma Watson 饰）一同返回阴云密布的学校。在好友们的帮助下，他们成功驱逐了斯内普（艾伦·瑞克曼 Alan Rickman 饰），然而觉察到哈利目的的伏地魔则率领徒众向霍格沃茨逼近。食死徒、摄魂怪、巨人疯狂涌入这所有着悠久历史的魔法学校，正邪决战旋即爆发，一时间血雨腥风，死伤无数。从斯内普的眼泪中，哈利不仅了解到父辈的故事，也证实了藏缅于他体内最后的秘密。在此之后，他也和伏地魔迎来了最后的对决……
                                    ",9.0,10年的完美句点。,哈利·波特与死亡圣器(下)
89,"
                                　　家境贫寒的男孩Ali（Amir Farrokh Hashemian）帮妹妹Zahra（Bahare Seddiqi）取修补好的鞋子时，不慎将鞋子弄丢，为了不被父（Mohammad Amir Naji）、母（Fereshte Sarabandi ）责罚，他央求Zahra暂时保密，说两人可以替换着穿他的鞋子上学，并答应一定会帮她买双新鞋子。
                                    ",9.2,奔跑的孩子是天使。,小鞋子
169,"
                                　　瑞恩（马特•达蒙 Matt Damon饰 ）是二战期间的美国伞兵，被困在了敌人后方。更不幸的是，他的三个兄弟全部在战争中死亡，如果他也遇难，家中的老母亲将无依无靠。
                                    ",9.1,美利坚精神输出大片No1.,拯救大兵瑞恩
162,"
                                    　　战斗中负伤而下身瘫痪的前海军战士杰克·萨利（萨姆·沃辛顿 Sam Worthington 饰）决定替死去的同胞哥哥来到潘多拉星操纵格蕾丝博士（西格妮·韦弗 Sigourney Weaver 饰）用人类基因与当地纳美部族基因结合创造出的 “阿凡达” 混血生物。杰克的目的是打入纳美部落，外交说服他们自愿离开世代居住的家园，从而SecFor公司可砍伐殆尽该地区的原始森林，开采地下昂贵的“不可得”矿。在探索潘多拉星的过程中，杰克遇到了纳美部落的公主娜蒂瑞（佐伊·索尔达娜 Zoe Saldana 饰），向她学习了纳美人的生存技能与对待自然的态度。与此同时，SecFor公司的经理和军方代表上校迈尔斯（史蒂芬·朗 Stephen Lang 饰）逐渐丧失耐心，决定诉诸武力驱赶纳美人……
                                        ",8.8,绝对意义上的美轮美奂。,阿凡达
106,"
                                　　艾德里安（马里奥·卡萨斯 Mario Casas 饰）经营着一间科技公司，事业蒸蒸日上，家中有美丽贤惠的妻子和活泼可爱的女儿，事业家庭双丰收的他是旁人羡慕的对象。然而，野心勃勃的艾德里安并未珍惜眼前来之不易的生活，一直以来，他和一位名叫劳拉（芭芭拉·蓝妮 Bárbara Lennie 饰）的女摄影师保持着肉体关系。
                                    ",8.8,你以为你以为的就是你以为的。,看不见的客人
174,"
                                　　玛利亚（朱丽·安德鲁斯  饰）是一个年轻活泼的修女，喜欢在大自然下高声歌唱，所以她常常忘记了修道院里的规矩。院长认为玛利亚并不属于规矩严格的修道院。院长与众嬷嬷商量后，决定安排玛利亚到一位名叫特拉普（克里斯托弗·普卢默 饰）上校家当家庭教师。
                                    ",9.1,用音乐化解仇恨，让歌声串起美好。,音乐之声
109,"
                                    　　当我还只是十三岁时，1941年春末的那一天，我初次见到了她那一天，墨索里尼向英法宣战，而我，得到了生命里的第一辆脚踏车。
                                        ",8.9,美丽无罪。,西西里的美丽传说
107,"
                                　　艾迪（尼克·莫伦）思维敏捷，是个玩牌高手。在三个好友的支持下，艾迪携巨资参加了黑社会的高额赌局，不想落入圈套，欠下50万的赌债。为了还清赌债，艾迪和朋友们绞尽脑汁，最终算计到一群毒贩身上，并为打劫购买了两杆老式烟枪。
                                    ",9.1,4个臭皮匠顶个诸葛亮，盖·里奇果然不是盖的。,两杆大烟枪
117,"
                                　　日本神户某个飘雪的冬日，渡边博子（中山美穗）在前未婚夫藤井树的两周年祭日上又一次悲痛到不能自已。正因为无法抑制住对已逝恋人的思念，渡边博子在其中学同学录里发现“藤井树” 在小樽市读书时的地址时，依循着寄发了一封本以为是发往天国的情书。
                                    ",8.9,暗恋的极致。,情书
137,"
                                　　1984年的东德，整个社会笼罩在国家安全局的高压统治之下，特工魏斯曼（乌尔里希·穆埃 Ulrich Mühe 饰）奉命监听剧作家德莱曼（塞巴斯蒂安·科赫 Sebastian Koch 饰）及其女友演员克里斯蒂娜（马蒂娜·格德克 Martina Gedeck 饰）的生活，监听过程中，魏斯曼渐渐对这家人的生活产生了兴趣，开始暗中帮助他们。一篇刊登在西德《明镜》报上的文章引起了特工头目的注意，他们认为这篇文章是德莱曼写的，并逮捕了克里斯蒂娜，希望能够从她口中得出她丈夫的秘密？而审问克里斯蒂娜的正是魏斯曼……
                        ",9.2,别样人生。,窃听风暴
94,"
                                　　八岁男孩布鲁诺（Asa Butterfield 饰）一家随着纳粹军官父亲的一纸调令，由柏林搬迁到了乡下。失去了朋友们的布鲁诺很快对新家附近的“农庄”产生了兴趣，那里有一群身穿“条纹睡衣”的人终日忙碌，并且其中一个为布鲁诺一家服务，他形容肮脏，态度慎微。周遭环境和布鲁诺的举止让母亲暗暗担忧，但纳粹父亲制止家中任何怀疑既定政策的行为。
                                    ",9.2,尽管有些不切实际的幻想，这部电影依旧是一部感人肺腑的佳作。,穿条纹睡衣的男孩
166,"
                                　　飓风正在侵袭美国新奥尔良，一位病危的老妇睁开了她的睡眼。老妇名叫戴茜（凯特·布兰切特饰），她叫女儿凯若琳（朱莉娅•奥蒙德饰）为她阅读一本日记。这本日记的作者叫本杰明•巴顿（布拉德•皮特饰）。本杰明出生在第一次世界大战停战之时，但生来便像个老人的他被父亲当作怪物，被遗弃在了养老院。本杰明在养老院与老人们一起生活。但谁都没有想到，本杰明逆向发育——越活越年轻！也许“越活越年轻”是某些人的梦想，但真正这样成长的本杰明却有了别人无法理解的烦恼与快乐。穿越半世纪的世界变革，本杰明身处其中，感受别人感受不到的感受。
                                    ",9.0,在时间之河里感受溺水之苦。,本杰明·巴顿奇事
135,"
                                　　本片是关于20世纪伟大数学家小约翰•福布斯-纳什的人物传记片。
                                    ",9.1,爱是一切逻辑和原由。,美丽心灵
139,"
                                　　杰克（爱德华•诺顿 饰）是一个大汽车公司的职员，患有严重的失眠症，对周围的一切充满危机和憎恨。
                                    ",9.0,邪恶与平庸蛰伏于同一个母体，在特定的时间互相对峙。,搏击俱乐部
124,"
                                　　台湾中国菜硕果仅存的大师老朱（郎雄）退休后，渐尝老年生活的诸多尴尬：每周日费心做出的一桌丰盛菜肴，并无将三个女儿（杨贵媚、吴倩莲、王渝文）齐齐拉到饭桌的吸引力，已经长大成人的她们，心里藏了许多比陪父亲吃饭更重要的事；多年老友的突然离世，令他在友情这块也有了缺口；而对厨师来讲最重要的味觉的丧失，则将其彻底推到人生的低谷。
                                    ",9.2,人生不能像做菜，把所有的料都准备好了才下锅。,饮食男女
127,"
                                　　1978年，只有高中学历的宋佑硕（宋康昊 饰）通过多年的艰苦努力，终于通过司法考试，并在成为法官后很快转行成为一名律师。他敏锐地从最新政策中嗅到商机，以不动产代书业务起家。虽然被同行讥讽为随时随地派发名片的夜店小弟，但佑硕不以为忤，一步一步朝着心中的目标迈进。他依靠赚来的钱让妻儿过上富足的生活，也还了七年前在饭店大婶那里欠下的良心债。进入20世纪80年代，韩国民主化斗争愈演愈烈。佑硕全然不管窗外事，关起门来继续赚钱。然而社会的巨变已经不容他置身事外，饭店大婶的儿子朴镇宇因从属的釜山读书联合会被控为左翼社团而遭到逮捕，更受到残酷的虐待和不公的指控。
                                    ",9.2,电影的现实意义大过电影本身。,辩护人
89,"
                                　　辛巴是狮子王国的小王子，他的父亲穆法沙是一个威严的国王。然而叔叔刀疤却对穆法沙的王位觊觎已久。
                                    ",9.1,动物版《哈姆雷特》。,狮子王
202,"
                                　　迈克尔（阿尔·帕西诺 饰）是美利坚黑手党科利昂家族的头目。 迈克尔的父亲维托·安多里尼（罗伯特·德尼罗 饰）出生于意大利科利昂镇。1901年，维托的父亲安东尼奥、兄长保罗、母亲（玛丽亚·卡塔 饰）都死于黑手党西乔家族之手。9岁的维托只得漂洋过海逃亡美利坚谋生。入境时，海关官员（理查德·沃森 饰）将其名姓登记为维托·科利昂。 1958年，迈克尔为儿子安东尼（詹姆斯·古纳瑞斯 饰）举办了初领圣体的聚会，不想当晚便遭遇暗杀。迈克尔侥幸躲过一劫，两名杀手却被人灭口。 维托在异国他乡如何生存？他身负的血海深仇能否得报？想要迈克尔性命的是谁？将杀手灭口的又是谁？
                        ",9.3,优雅的孤独。,教父2
179,"
                                    　　比尔博·巴金斯是100多岁的霍比特人，住在故乡夏尔，生性喜欢冒险，在年轻时的一次探险经历中，他从怪物咕噜手中得到了至尊魔戒，这枚戒指是黑暗魔君索伦打造的至尊魔戒，拥有奴役世界的邪恶力量，能够统领其他几枚力量之戒，在3000年前的人类联盟和半兽人大军的战役中，联盟取得了胜利 ，并得到了至尊魔戒，数千年的辗转后，魔戒落到咕噜手中，被比尔博碰巧得到。
                                        ",9.1,传说的开始。,指环王1：护戒使者
136,"
                                　　不久的将来，网络黑客尼奥（基奴李维斯 饰）对这个看似正常的现实世界产生了怀疑。他结识了黑客崔妮蒂（凯莉·安·摩丝 饰），并见到了黑客组织的首领墨菲斯（劳伦斯·菲什伯恩 饰）。墨菲斯告诉他，现实世界其实是由一个名叫“母体”的计算机人工智能系统控制，人们就像他们饲养的动物，没有自由和思想，而尼奥就是能够拯救人类的救世主。
                                    ",9.1,视觉革命。,黑客帝国
113,"
                                　　话说在东土傲来国有一座花果山，山上有一尊石猴吸收日精月华化身为一只神猴（邱岳峰 音），统领着山中的猴子猴孙。为求得一件称心的宝贝，神猴孙大圣潜入龙宫，强硬求来大禹治水时的定海神针如意金箍棒。东海龙王（毕克 音）心有不甘，于是上天将此事诉诸玉帝（富润生 音）。玉皇大帝命令太白金星（尚华 音）下界招安，许以爵位。不知有诈的孙大圣欣然前往，却发现只是负责养马的弼马温。得知受骗的猴王反下天庭，与天兵天将在花果山展开大战……
                                    ",9.4,经典之作，历久弥新。,大闹天宫
